Nombre,Precio,Categoría
Vestido de algodón,174.00,Ninos
Vestido con mangas abombadas,299.00,Ninos
Shorts en popelina de algodón,149.00,Ninos
Playera polo con zíper,187.00,Ninos
Playera con bolsillo,139.00,Ninos
Shorts de denim Loose Fit,284.00,Ninos
Vestido de satín con mangas abombadas,337.00,Ninos
5-pack de playeras con diseño,399.00,Ninos
3-pack de shorts en denim,562.00,Ninos
2-pack de playeras Henley,224.00,Ninos
Vestido plisado línea A,349.00,Ninos
Conjunto de 2 piezas,384.00,Ninos
Playera acanalada con borde de olán,149.00,Ninos
Pantalón ancho en mezcla de lino,349.00,Ninos
Playera con diseño,99.00,Ninos
Playera Henley,179.00,Ninos
Joggers en seersucker,329.00,Ninos
Pantalón en mezcla de lino,299.00,Ninos
Traje de baño,299.00,Ninos
Vestido de algodón,99.00,Ninos
Shorts biker de apariencia deslavada,99.00,Ninos
Top de punto con bordado inglés,99.00,Ninos
Shorts en french terry con diseño,149.00,Ninos
Conjunto de 2 piezas,299.00,Ninos
Shorts en french terry con diseño,126.65,Ninos
Playera con diseño,84.15,Ninos
Conjunto de 2 piezas con diseño,239.00,Ninos
Top de punto con bordado inglés,84.15,Ninos
Sandalias,279.65,Ninos
3-pack de playeras en punto de algodón,254.15,Ninos
Shorts caquis de algodón,159.00,Ninos
Top mangas mariposa,152.15,Ninos
Shorts biker de apariencia deslavada,84.15,Ninos
Vestido de algodón,84.15,Ninos
Shorts caquis de algodón,169.15,Ninos
Playera Henley y shorts,296.65,Ninos
Playera con lentejuelas reversibles,211.65,Ninos
Joggers de sarga,169.15,Ninos
Sandalias con correas,337.00,Ninos
Vestido con falda de tul y mangas globo,239.00,Ninos
Playera polo en piqué,152.15,Ninos
Vestido con olanes,152.15,Ninos
Traje de baño estampado,231.00,Ninos
7-pack Calcetines al tobillo,169.15,Ninos
Pijama de algodón,279.65,Ninos
Camisa de algodón con diseño,254.15,Ninos
2-pack Playeras de baño UPF 50,458.15,Ninos
Conjunto de baño,424.15,Ninos
Vestido de punto con olanes,169.15,Ninos
Camisa manga larga de algodón,169.15,Ninos
Shorts de punto con pliegues,152.15,Ninos
5-pack de shorts biker,424.15,Ninos
Bailarinas,279.65,Ninos
3-pack de playeras de algodón,224.00,Ninos
3-pack de playeras,254.15,Ninos
Pijama de algodón,211.65,Ninos
3-pack de tops de punto,319.00,Ninos
Super Soft Slim Fit Jeans,296.65,Ninos
3-pack Joggers de algodón,492.15,Ninos
Vestido en punto de algodón,126.65,Ninos
Playera de algodón,84.15,Ninos
Pantalón de traje,169.15,Ninos
Sandalias de neopreno,381.65,Ninos
Sandalias,381.65,Ninos
Playera con diseño,159.00,Ninos
Tenis,381.65,Ninos
5-pack de playeras de algodón,374.00,Ninos
Mono estampado de terry,169.15,Ninos
Sandalias,319.00,Ninos
3-pack de playeras,279.65,Ninos
Vestido de punto con falda de tul,211.65,Ninos
Top sin mangas con olanes,84.15,Ninos
Sandalias con correas,381.65,Ninos
Conjunto de 2 piezas en punto,339.15,Ninos
5-pack de playeras de algodón,424.15,Ninos
Sandalias,359.00,Ninos
Vestido con vuelo,339.15,Ninos
3-pack de joggers,439.00,Ninos
Shorts paper bag,84.15,Ninos
Traje de baño,245.65,Ninos
Tenis bailarinas,254.15,Ninos
Camisa en mezcla de lino,169.15,Ninos
2-pack Shorts sin cierre,381.65,Ninos
Conjunto de 2 piezas en punto gofrado,339.15,Ninos
Playera oversized con diseño,199.00,Ninos
Conjunto de 2 piezas,296.65,Ninos
10-pack de bóxers short,424.15,Ninos
Sandalias con aplicaciones,339.15,Ninos
10-pack calcetines al tobillo,211.65,Ninos
Tenis con diseño estampado,337.00,Ninos
Vestido marinero de algodón,254.15,Ninos
Playera con diseño estampado,126.65,Ninos
Playera de algodón,126.65,Ninos
5-pack de playeras,424.15,Ninos
Sandalias con correas,254.15,Ninos
Camisa de algodón con cuello banda,169.15,Ninos
Top con olán,126.65,Ninos
Playera sin mangas,169.15,Ninos
Sandalias,337.00,Ninos
Conjunto de 2 piezas,254.15,Ninos
Pijama estampada,339.15,Ninos
5-pack Shorts de punto,424.15,Ninos
2-pack de pijamas,381.65,Ninos
Playera con lentejuelas reversibles,149.00,Ninos
Vestido con diseño,126.65,Ninos
10-pack de bragas bóxer,424.15,Ninos
Top,152.15,Ninos
Sandalias para piscina,211.65,Ninos
Camisa Easy-iron,169.15,Ninos
5-pack de playeras en algodón,424.15,Ninos
3-pack de shorts de denim,503.00,Ninos
Flounce-trimmed bikini,174.00,Ninos
Playera polo con zíper,211.65,Ninos
3-pack de playeras en punto de algodón,239.00,Ninos
3-pack Shorts deportivos en malla DryMove™,424.15,Ninos
Vestido de algodón,211.65,Ninos
Playera con diseño,211.65,Ninos
Playera acanalada,169.15,Ninos
Camisa de manga corta en algodón,169.15,Ninos
Toalla poncho,415.65,Ninos
Bailarinas con aplicación,339.15,Ninos
Shorts en french terry,126.65,Ninos
Shorts de denim,254.15,Ninos
Superstretch Slim Fit Jeans,211.65,Ninos
Vestido con falda de tul,279.65,Ninos
Pijama estampada,279.65,Ninos
2-pack Playeras deportivas en DryMove™,339.15,Ninos
5-pack playeras de punto,424.15,Ninos
Playera oversized con diseño,211.65,Ninos
Vestido con falda de tul y mangas globo,224.00,Ninos
Gorra de sarga,109.65,Ninos
Saco,296.65,Ninos
Vestido con vuelo,279.00,Ninos
3-pack de shorts en denim,636.65,Ninos
5-pack de bragas Hipster,279.65,Ninos
5-pack Playeras de punto,594.15,Ninos
Conjunto de 2 piezas,381.65,Ninos
3-pack de shorts,239.00,Ninos
Loose Fit Jeans,339.15,Ninos
Playera en punto de algodón con diseño,84.15,Ninos
3-pack Playeras sin mangas,211.65,Ninos
5-pack Panties brief de algodón,211.65,Ninos
2-pack de playeras con diseño,339.15,Ninos
Shorts biker acanalados,84.15,Ninos
Conjunto de 2 piezas,424.15,Ninos
Pijama de punto con diseño,296.65,Ninos
Shorts de denim,279.65,Ninos
Toalla poncho con diseño,322.15,Ninos
5-pack de bóxers,381.65,Ninos
Superstretch Flare Fit Jeans,279.65,Ninos
5-pack de bóxers,254.15,Ninos
Traje de baño estampado,152.15,Ninos
3-pack de shorts,254.15,Ninos
Top de punto con cuello clásico,152.15,Ninos
Tenis,424.15,Ninos
Traje de baño con olanes,337.00,Ninos
5-pack de tops sin mangas,381.65,Ninos
Conjunto con top y falda de tul,244.00,Ninos
Traje de baño acanalado,415.65,Ninos
3-pack Joggers en punto de algodón,492.15,Ninos
3-pack de tops de punto,381.65,Ninos
Top de tubo en punto,84.15,Ninos
2-pack Tops de punto,211.65,Ninos
Pijama con diseño,279.65,Ninos
Conjunto de vestir 4 piezas,764.15,Ninos
Pantalón parachute,424.15,Ninos
Playera acanalada con borde de olán,126.65,Ninos
2-pack de shorts de pijama,279.65,Ninos
Vestido de punto con diseño,211.65,Ninos
Shorts cargo,169.15,Ninos
Lentes de sol circulares,169.15,Ninos
Pijama de punto,254.15,Ninos
Toalla de baño con gorro,381.65,Ninos
2-pack Shorts en DryMove™,339.15,Ninos
Leggings acampanados,169.15,Ninos
2-pack Playeras en punto de algodón,211.65,Ninos
Camisa Easy-iron,254.15,Ninos
Conjunto 2 piezas con diseño,381.65,Ninos
Pantalón ancho en mezcla de lino,424.15,Ninos
Tenis de lona con cierre autoadherente,339.15,Ninos
4-pack de playeras con diseño,492.15,Ninos
Pantalón de traje Slim Fit,339.15,Ninos
Sombrero de paja,279.65,Ninos
Falda con capas,279.65,Ninos
Conjunto con top de tirantes y pantalón,424.15,Ninos
Falda de denim,296.65,Ninos
Pantalón acampanado de punto,254.15,Ninos
Playera de baño,381.65,Ninos
3-pack de joggers,424.15,Ninos
Joggers en mezcla de lino,381.65,Ninos
Chamarra de denim,424.15,Ninos
Conjunto de 2 piezas en punto corrugado,339.15,Ninos
Pantalón cargo ancho,381.65,Ninos
2-pack de leggings,169.15,Ninos
Mono con olán,169.15,Ninos
3-pack de playeras con diseño,424.15,Ninos
Tenis en lona de algodón,254.15,Ninos
Top en punto acanalado,109.65,Ninos
5-pack calzoncillos con diseño,254.15,Ninos
Playera con diseño,224.00,Ninos
Corbata de moño,169.15,Ninos
Pantalón de traje Slim Fit,299.00,Ninos
5-pack de calcetines,254.15,Ninos
Vestido de tul,254.15,Ninos
Vestido de tul brilloso con olanes,254.15,Ninos
2-pack de shorts caquis,466.65,Ninos
Vestido con diseño,169.15,Ninos
Jeggings de denim,211.65,Ninos
Shorts paper bag,109.65,Ninos
