,Nombre,Precio,Categoría
0,Shorts deportivos,$289.00,Sport
1,Shorts deportivos,$289.00,Sport
2,3-pack de calcetines en DryMove™,$249.00,Sport
3,Top deportivo corto en DryMove™,$249.00,Sport
4,2-pack Shorts biker en DryMove™,$449.00,Sport
5,Conjunto deportivo de 2 piezas en DryMove™,$249.00,Sport
6,Leggings deportivos en DryMove™,$329.00,Sport
7,Hotpants deportivos Seamless en DryMove™,$199.00,Sport
8,Playera de futbol,$299.00,Sport
9,Hotpants deportivos Seamless en DryMove™,$199.00,Sport
10,Conjunto de futbol de 2 piezas,$449.00,Sport
11,Traje de baño deportivo en neopreno,$699.00,Sport
12,Conjunto de futbol de 2 piezas,$449.00,Sport
13,Sudadera deportiva,$309.00,Sport
14,Shorts para correr DryMove™,$519.00,Sport
15,2-pack Tops deportivos en DryMove™,$449.00,Sport
16,3-pack de calcetines deportivos,$249.00,Sport
17,Shorts deportivos en DryMove™,$329.00,Sport
18,Playera deportiva corta en DryMove™,$299.00,Sport
19,Conjunto de futbol,$449.00,Sport
20,Top deportivo Seamless en DryMove™,$249.00,Sport
21,Top deportivo Light Support en DryMove™,$299.00,Sport
22,2-pack Shorts en DryMove™,$399.00,Sport
23,3-pack Playeras en DryMove™,$499.00,Sport
24,Shorts para correr DryMove™,$499.00,Sport
25,Shorts biker ShapeMove™,$579.00,Sport
26,Playera deportiva en DryMove™,$449.00,Sport
27,Leotardo Seamless corto en DryMove™,$579.00,Sport
28,Shorts deportivos con bolsillos en DryMove™,$329.00,Sport
29,Top deportivo Light Support en DryMove™,$299.00,Sport
30,Playera deportiva en DryMove™,$499.00,Sport
31,Conjunto deportivo de 2 piezas en DryMove™,$409.00,Sport
32,Shorts deportivos en DryMove™,$249.00,Sport
33,Conjunto deportivo en DryMove™,$749.00,Sport
34,Shorts de senderismo repelentes al agua,$579.00,Sport
35,Gorra deportiva repelente al agua,$249.00,Sport
36,Pantalón cargo deportivo,$499.00,Sport
37,Shorts deportivos en DryMove™,$249.00,Sport
38,3-pack Playeras en DryMove™,$499.00,Sport
39,Falda de tenis plisada en DryMove™,$579.00,Sport
40,Sudadera deportiva,$309.00,Sport
41,Shorts de senderismo repelentes al agua,$579.00,Sport
42,Sudadera deportiva en DryMove™,$699.00,Sport
43,2-pack Tops deportivos en DryMove™,$449.00,Sport
44,Conjunto de 2 piezas en DryMove™,$399.00,Sport
45,Minifalda de tenis DryMove™,$449.00,Sport
46,Conjunto deportivo de 2 piezas en DryMove™,$579.00,Sport
47,Shorts deportivos en french terry,$449.00,Sport
48,Shorts cargo,$579.00,Sport
49,Sudadera con gorro y zíper,$749.00,Sport
50,2-pack Playeras deportivas sin mangas en DryMove™,$399.00,Sport
51,Shorts deportivos en DryMove™,$399.00,Sport
52,Conjunto de 2 piezas en DryMove™,$449.00,Sport
53,Top deportivo Light Support en DryMove™,$299.00,Sport
54,Conjunto de basketball de 2 piezas,$499.00,Sport
55,2-pack Tops deportivos en DryMove™,$449.00,Sport
56,Chaleco para correr en malla,"$1,099.00",Sport
57,Falda de tenis plisada en DryMove™,$499.00,Sport
58,Conjunto 2 piezas en DryMove™,$449.00,Sport
59,Shorts biker deportivos en DryMove™,$299.00,Sport
60,Leggings deportivos en DryMove™,$449.00,Sport
61,2-pack de playeras deportivas,$399.00,Sport
62,Mochila deportiva repelente al agua,$579.00,Sport
63,Playera deportiva corta en DryMove™,$329.00,Sport
64,Falda de tenis plisada en DryMove™,$499.00,Sport
65,Traje de baño con bolsillos,$499.00,Sport
66,Shorts deportivos en DryMove™,$449.00,Sport
67,Conjunto deportivo de 2 piezas en DryMove™,$499.00,Sport
68,Pantalón deportivo con shorts,$449.00,Sport
69,Joggers deportivos,$499.00,Sport
70,Conjunto deportivo de 2 piezas,$749.00,Sport
71,Visera para el sol en lona de algodón,$249.00,Sport
72,Sudadera deportiva,$699.00,Sport
73,Sudadera deportiva en DryMove™,$499.00,Sport
74,Sudadera deportiva,$699.00,Sport
75,Chamarra híbrida,$799.00,Sport
76,Joggers deportivos cargo,$579.00,Sport
77,Playera deportiva en malla DryMove™,$399.00,Sport
78,Playera deportiva en DryMove™,$499.00,Sport
79,Sudadera deportiva con zíper en DryMove™,$579.00,Sport
80,Playera de ciclismo en DryMove™,$999.00,Sport
81,3-pack Playeras en DryMove™,$349.00,Sport
82,Shorts deportivos en DryMove™,$499.00,Sport
83,Chaleco repelente al agua,"$1,299.00",Sport
84,Chaleco repelente al agua,"$1,299.00",Sport
85,Leggings deportivos en DryMove™,$449.00,Sport
86,Playera deportiva corta en DryMove™,$299.00,Sport
87,Sudadera deportiva,$499.00,Sport
88,Bolso tote,$449.00,Sport
89,Chamarra híbrida,$799.00,Sport
90,Leggings deportivos en SoftMove™,$499.00,Sport
91,Conjunto deportivo de 2 piezas en DryMove™,$499.00,Sport
92,Chamarra deportiva acolchada,$799.00,Sport
93,Sudadera deportiva,$499.00,Sport
94,Chamarra deportiva con gorro,$499.00,Sport
95,Chaleco para correr en DryMove™,$549.00,Sport
96,Sudadera deportiva,$449.00,Sport
97,Playera de futbol,$299.00,Sport
98,Falda de tenis plisada en DryMove™,$579.00,Sport
99,Playera deportiva sin mangas en DryMove™,$249.00,Sport
100,Shorts deportivos en DryMove™,$329.00,Sport
101,Playera deportiva sin mangas en DryMove™,$299.00,Sport
102,2-pack Playeras deportivas en DryMove™,$449.00,Sport
103,3-pack Playeras en DryMove™,$499.00,Sport
104,2-pack Shorts en DryMove™,$399.00,Sport
105,Pantalón deportivo con shorts,$449.00,Sport
106,Joggers cargo deportivos,$749.00,Sport
107,Shorts de basketball DryMove™,$399.00,Sport
108,Conjunto de 2 piezas en DryMove™,$449.00,Sport
109,Shorts biker con bolsillo,$299.00,Sport
110,Shorts de basketball DryMove™,$399.00,Sport
111,Conjunto 2 piezas en DryMove™,$449.00,Sport
112,2-pack Pants en DryMove™,$579.00,Sport
113,Shorts de basketball DryMove™,$399.00,Sport
114,Chamarra deportiva acolchada,$799.00,Sport
115,Top deportivo corto en DryMove™,$249.00,Sport
116,Playera de compresión,$579.00,Sport
117,Conjunto deportivo de 2 piezas en DryMove™,$499.00,Sport
118,Playera de basketball DryMove™,$499.00,Sport
119,Pantalón cargo deportivo,$499.00,Sport
120,2-pack de playeras en DryMove™,$449.00,Sport
121,Pantalón Cargo Parachute,$749.00,Sport
122,5-pack Calcetines deportivos en DryMove™,$299.00,Sport
123,Top deportivo sin mangas en DryMove™,$299.00,Sport
124,Conjunto de 2 piezas en DryMove™,$449.00,Sport
125,Joggers deportivos,$499.00,Sport
126,Shorts deportivos en DryMove™,$329.00,Sport
127,Sudadera deportiva en DryMove™,$499.00,Sport
128,Playera deportiva en DryMove™,$249.00,Sport
129,Sudadera deportiva con zíper en DryMove™,$579.00,Sport
130,Playera reversible en DryMove™,$499.00,Sport
131,Chamarra deportiva cálida ThermoMove™,"$1,099.00",Sport
132,Chamarra deportiva en tejido polar,$579.00,Sport
133,2-pack Playeras deportivas en DryMove™,$449.00,Sport
134,Minifalda de tenis DryMove™,$449.00,Sport
135,Playera deportiva sin mangas en DryMove™,$299.00,Sport
136,Falda de tenis plisada en DryMove™,$499.00,Sport
137,Sudadera deportiva en DryMove™,$499.00,Sport
138,3-pack de calcetines en DryMove™,$249.00,Sport
139,Shorts repelentes al agua,$749.00,Sport
140,2-pack Playeras deportivas en DryMove™,$449.00,Sport
141,2-pack de calcetines,$199.00,Sport
142,Playera de ciclismo en DryMove™,$999.00,Sport
143,2-pack Shorts biker,$399.00,Sport
144,Top deportivo en DryMove™,$299.00,Sport
145,3-pack Shorts deportivos en malla DryMove™,$499.00,Sport
146,2-pack Playeras polo deportivas en DryMove™,$559.00,Sport
147,2-pack Shorts biker en DryMove™,$449.00,Sport
148,2-pack Tops deportivos Seamless en DryMove™,$399.00,Sport
149,Pantalón deportivo de secado rápido,$449.00,Sport
150,Leggings deportivos Seamless en jacquard DryMove™,$449.00,Sport
151,Playera deportiva en DryMove™,$299.00,Sport
152,Falda de tenis DryMove™,$399.00,Sport
153,Joggers deportivos en DryMove™,$699.00,Sport
154,Shorts cargo,$549.00,Sport
155,Shorts deportivos en DryMove™,$399.00,Sport
156,Conjunto de 2 piezas en DryMove™,$449.00,Sport
157,Top deportivo sin mangas en DryMove™,$299.00,Sport
158,Leggings deportivos,$449.00,Sport
159,Playera de basketball DryMove™,$499.00,Sport
160,Sudadera deportiva con zíper,$749.00,Sport
161,Conjunto deportivo de 2 piezas,$749.00,Sport
162,Joggers deportivos en DryMove™,$699.00,Sport
163,Shorts deportivos,$449.00,Sport
164,Shorts de basketball DryMove™,$549.00,Sport
165,Sudadera deportiva en DryMove™,$499.00,Sport
166,Sudadera deportiva,$549.00,Sport
167,Sudadera capa intermedia,$549.00,Sport
168,Playera deportiva Seamless en DryMove™,$449.00,Sport
169,Shorts deportivos en DryMove™,$329.00,Sport
170,Gorra deportiva repelente al agua,$249.00,Sport
171,Gorra deportiva repelente al agua,$249.00,Sport
172,Top deportivo corto en DryMove™,$249.00,Sport
173,Shorts repelentes al agua,$749.00,Sport
174,Top deportivo en DryMove™,$299.00,Sport
175,Conjunto deportivo de 2 piezas en DryMove™,$399.00,Sport
176,Shorts deportivos en DryMove™,$549.00,Sport
177,2-pack Tops deportivos en DryMove™,$449.00,Sport
178,Shorts de basketball DryMove™,$549.00,Sport
179,Playera deportiva sin mangas en DryMove™,$249.00,Sport
